query_norm,q_count,ctr,mrr
adserver ign com,357,0.0,
www cartoonetwork com,276,0.0,
speedos,232,0.0,
http,132,0.0,
pal,126,0.0,
history,107,0.0,
kelly osbourne,107,0.0,
german shepherd puppies,102,0.0,
trent reznor,90,0.0,
speedo men,84,0.0,
sweet tooth,81,0.0,
arabian stallion,81,0.0,
bounce out,78,0.0,
spice girls,76,0.0,
americas next top model,74,0.0,
ricky martin beach,74,0.0,
evo qksrv net,68,0.0,
speedo diver,63,0.0,
recent,61,0.0,
lisa marie presley,60,0.0,
earth wind and fire,60,0.0,
london aftermidnight,60,0.0,
dragonballz,58,0.0,
joey jordison,58,0.0,
marilyn monroe,57,0.0,
palomino arabian,57,0.0,
bettie page,55,0.0,
amalia1950,55,0.0,
lamborghini diablo,55,0.0,
bob marley photos,55,0.0,
wednesday 13,55,0.0,
theosophical society,53,0.0,
brad pitt,51,0.0,
hungarian horse,50,0.0,
mycl cravelyrics com,49,0.0,
black arabian stallion,48,0.0,
phytolagen eye gel,48,0.0,
men speedo,47,0.0,
yoga bags,46,0.0,
slinky,45,0.0,
dressage arabian,44,0.0,
onions,43,0.0,
hemi powered,43,0.0,
super saiyan,43,0.0,
the sims,43,0.0,
zapcdmusic com,42,0.0,
chelmno camp,42,0.0,
horoscope,41,0.0,
sean preston,41,0.0,
rob zombie,41,0.0,
gidget gein,41,0.0,
www,40,0.0,
sharon tate,40,0.0,
helena blavatsky,40,0.0,
eventing horse,40,0.0,
native americans,39,0.0,
high school sports in corpus christi,38,0.0,
atomic bomb,38,0.0,
landscaping,37,0.0,
superman,36,0.0,
arabian foal,36,0.0,
privacy fences,35,0.0,
billards,35,0.0,
gray warmblood,35,0.0,
eric griffin,34,0.0,
jumping arabian,34,0.0,
road runner,33,0.0,
comhttp,33,0.0,
pretty easter egg,32,0.0,
horrorpops,32,0.0,
traitor,32,0.0,
happy easter,31,0.0,
mysp,31,0.0,
silly,31,0.0,
g,31,0.0,
speedos divers,30,0.0,
vietnamese americans,30,0.0,
dani filth,30,0.0,
cat,30,0.0,
cat in hat photos,30,0.0,
speedo water polo,30,0.0,
tony stewart,30,0.0,
happy st patricks day,29,0.0,
josh harnett,29,0.0,
chelmno,29,0.0,
jennifer aniston,29,0.0,
george lynch,29,0.0,
radium metal,29,0.0,
jennie garth,29,0.0,
children print color,28,0.0,
https,28,0.0,
profileedit myspace com,28,0.0,
dope,28,0.0,
trakehner,28,0.0,
speedo boys,28,0.0,
breast cancer,28,0.0,
rolex kentucky event,28,0.0,
bali,28,0.0,
chicago,28,0.0,
elizabeth berkley,28,0.0,
speedos bicycle,28,0.0,
undefined,27,0.0,
sonic shadow hedge hog,27,0.0,
lifeguard men,27,0.0,
ryan reynolds,27,0.0,
arabian sport horse,27,0.0,
hippo pictures,26,0.0,
acey slade,26,0.0,
jellyfish black white,26,0.0,
pics com,25,0.0,
men in speedos,25,0.0,
pictures of kissing lips,25,0.0,
logo abc7,25,0.0,
soccer babe,25,0.0,
animated trumpet,24,0.0,
vampbe dreamhost com,24,0.0,
chelmno death camp,24,0.0,
mys,24,0.0,
jonbenet ramsey,24,0.0,
ed gein,24,0.0,
p,23,0.0,
vaults of atlantis,23,0.0,
bailey s irish cream,23,0.0,
c,23,0.0,
om,23,0.0,
plants,23,0.0,
eleanor roosevelt and franklin roosevelt,22,0.0,
netflix,22,0.0,
mysapce com,22,0.0,
tori spelling,22,0.0,
patricia richardson,22,0.0,
lamborghini black,22,0.0,
designers guild,22,0.0,
ginger fish,22,0.0,
putney vt,22,0.0,
mariah carey,22,0.0,
nappa vegeta,22,0.0,
tiffany amber thiessen,22,0.0,
black challenger,22,0.0,
invitation,22,0.0,
myspa,22,0.0,
flag of ecuador,22,0.0,
cher,21,0.0,
speedo beach,21,0.0,
exmoor pony,21,0.0,
alyssa milano,21,0.0,
drew barrymore,21,0.0,
men in briefs,21,0.0,
mailbox,21,0.0,
cappagallo clothes,21,0.0,
love is pictures,21,0.0,
resell time share vacation,21,0.0,
tapit,21,0.0,
pictures of beautiful people,20,0.0,
r,20,0.0,
www imperialmajesty com,20,0.0,
www aol e cards com,20,0.0,
man swimsuit,20,0.0,
calvin klein hip brief,20,0.0,
07 lamborghini murcielago,20,0.0,
us c840 mail yahoo com,20,0.0,
mare and foal,20,0.0,
niurka marcos,20,0.0,
turbo 21,20,0.0,
pictures of sexy girls,20,0.0,
lucy from the chronicles of narnia,20,0.0,
cartoon ufo,20,0.0,
jenna jameson,20,0.0,
madonna,134,0.007462686567164179,0.07692307692307693
com,75,0.013333333333333334,1.0
whales,66,0.015151515151515152,0.25
britney spears,182,0.02197802197802198,0.20673076923076922
hydrogen bomb,40,0.025,0.5
2006 corvette,37,0.02702702702702703,0.5
internet,110,0.02727272727272727,0.3148148148148148
judy garland,72,0.027777777777777776,0.14583333333333331
kelly clarkson,36,0.027777777777777776,0.1
www ebay com,32,0.03125,0.25
eddie van halen,31,0.03225806451612903,0.2
slingo,29,0.034482758620689655,0.1
mouse,28,0.03571428571428571,0.015151515151515152
phantom of the opera,28,0.03571428571428571,0.25
matthew fox,79,0.0379746835443038,0.38888888888888884
nine inch nails,26,0.038461538461538464,1.0
dj loco entertainment,26,0.038461538461538464,0.0033222591362126247
thoroughbred racing,25,0.04,1.0
disneyland,25,0.04,0.5
demi moore,48,0.041666666666666664,0.625
grand central station,24,0.041666666666666664,0.16666666666666666
triad pt cruiser club,24,0.041666666666666664,1.0
cardiovascular disease,24,0.041666666666666664,0.1111111111111111
m,47,0.0425531914893617,0.26666666666666666
ben affleck,47,0.0425531914893617,0.3125
david lee roth,23,0.043478260869565216,0.25
cradle of filth,21,0.047619047619047616,1.0
jackie chan adventures hentai,21,0.047619047619047616,0.14285714285714285
murderdolls,121,0.049586776859504134,0.22797619047619047
im help,40,0.05,0.3
angelina jolie,20,0.05,0.16666666666666666
www nick com,57,0.05263157894736842,1.0
